timestamp,interview,report,flowchart,prototype,prd,total
2026-04-07 11:29:00,0,0,0,0,0,0
2026-04-07 11:29:30,0,0,0,0,0,0
2026-04-07 11:30:00,0,0,0,0,0,0
2026-04-07 11:30:30,50,0,0,0,0,15
2026-04-07 11:31:00,50,0,0,0,0,15
2026-04-07 11:31:30,50,0,0,0,0,15
2026-04-07 11:32:00,50,0,0,0,0,15
2026-04-07 11:32:30,50,0,0,0,0,15
2026-04-07 11:33:00,50,0,0,0,100,25
2026-04-07 11:33:30,50,0,0,0,100,25
2026-04-07 11:34:00,50,0,0,0,100,25
2026-04-07 11:34:30,50,0,0,0,100,25
2026-04-07 11:35:00,50,0,0,0,100,25
2026-04-07 11:35:30,50,0,0,0,100,25
2026-04-07 11:36:00,50,0,0,0,100,25
2026-04-07 11:37:01,50,0,0,0,100,25
2026-04-07 11:37:30,50,0,0,0,100,25
2026-04-07 11:38:00,50,0,0,0,100,25
2026-04-07 11:38:30,50,0,0,0,100,25
2026-04-07 11:39:00,50,0,0,0,100,25
2026-04-07 11:39:30,50,0,0,0,100,25
2026-04-07 11:40:00,50,0,0,0,100,25
2026-04-07 11:40:30,50,0,0,0,100,25
2026-04-07 11:41:00,50,0,0,0,100,25
2026-04-07 11:41:30,50,0,0,0,100,25
2026-04-07 11:42:00,50,0,0,0,100,25
2026-04-07 11:42:30,50,0,0,0,100,25
2026-04-07 11:43:00,50,0,0,0,100,25
2026-04-07 11:43:30,50,0,0,0,100,25
2026-04-07 11:44:00,50,0,0,0,100,25
2026-04-07 11:44:30,50,0,0,0,100,25
2026-04-07 11:45:00,50,0,0,0,100,25
2026-04-07 11:45:30,50,0,0,0,100,25
2026-04-07 11:46:00,50,0,0,0,100,25
2026-04-07 11:46:30,50,0,0,0,100,25
2026-04-07 11:47:00,50,0,0,0,100,25
2026-04-07 11:47:30,50,0,0,0,100,25
2026-04-07 11:48:00,50,0,0,0,100,25
2026-04-07 11:48:30,50,0,0,0,100,25
2026-04-07 11:49:30,50,0,0,0,100,25
2026-04-07 11:50:00,50,0,0,0,100,25
2026-04-07 11:50:30,50,0,0,0,100,25
2026-04-07 11:51:00,50,0,0,0,100,25
2026-04-07 11:51:30,50,0,0,0,100,25
2026-04-07 11:52:00,50,0,0,0,100,25
2026-04-07 11:52:30,50,0,0,0,100,25
2026-04-07 11:53:00,50,0,0,0,100,25
2026-04-07 11:53:30,50,0,0,0,100,25
2026-04-07 11:54:00,50,0,0,0,100,25
2026-04-07 11:54:30,50,0,0,0,100,25
2026-04-07 11:55:00,50,0,0,0,100,25
2026-04-07 11:55:30,50,0,0,0,100,25
2026-04-07 11:56:00,50,0,0,0,100,25
2026-04-07 11:56:30,50,0,0,0,100,25
2026-04-07 11:57:00,50,0,0,0,100,25
2026-04-07 11:57:30,50,0,0,0,100,25
2026-04-07 11:58:00,50,0,0,0,100,25
2026-04-07 11:58:30,50,0,0,0,100,25
2026-04-07 11:58:36,50,0,0,0,100,25
